[
  {
    "year": 1963,
    "title": "Dansevise",
    "artist": "Grethe & Jørgen Ingmann",
    "spotifyUrl": "https://open.spotify.com/search/Dansevise%20Grethe%20J%C3%B8rgen%20Ingmann"
  },
  {
    "year": 1975,
    "title": "Kvinde min",
    "artist": "Gasolin'",
    "spotifyUrl": "https://open.spotify.com/search/Kvinde%20min%20Gasolin"
  },
  {
    "year": 1985,
    "title": "Det' lige det",
    "artist": "TV-2",
    "spotifyUrl": "https://open.spotify.com/search/Det%27%20lige%20det%20TV-2"
  },
  {
    "year": 1996,
    "title": "Hun kommer tilbage",
    "artist": "Danser med Drenge",
    "spotifyUrl": "https://open.spotify.com/search/Hun%20kommer%20tilbage%20Danser%20med%20Drenge"
  },
  {
    "year": 2003,
    "title": "Gi' mig Danmark tilbage",
    "artist": "Natasja",
    "spotifyUrl": "https://open.spotify.com/search/Gi%27%20mig%20Danmark%20tilbage%20Natasja"
  },
  {
    "year": 2011,
    "title": "Kun for mig",
    "artist": "Medina",
    "spotifyUrl": "https://open.spotify.com/search/Kun%20for%20mig%20Medina"
  },
  {
    "year": 2020,
    "title": "KOM BRING DEN",
    "artist": "Gilli",
    "spotifyUrl": "https://open.spotify.com/search/KOM%20BRING%20DEN%20Gilli"
  }
]